priorite,categorie,nom_produit,description_courte,client_cible,angle_contenu,prix_vente_test_fcfa,prix_achat_max_vise_fcfa,marge_brute_visee_fcfa,stock_min_test,preuve_avant_publication,statut
1,Électronique,Micro-cravate sans fil Android/iPhone,"Micro compact pour vidéos, interviews, appels et lives avec son plus clair.",Créateurs TikTok/Facebook; étudiants; commerçants,"Avant/après qualité audio en vidéo",8000-15000,5000-9000,3000-6000,3,"Photo réelle + vidéo test son + compatibilité confirmée",À valider fournisseur
2,Électronique,Chargeur rapide 20W/25W + câble renforcé,"Pack charge rapide pour téléphone avec câble solide.",Toute personne avec smartphone,"Charge lente vs charge rapide",5000-10000,2500-6000,2500-4000,10,"Tester la charge + vérifier type USB-C/Lightning",À valider fournisseur
3,Électronique,Écouteurs Bluetooth,"Écouteurs sans fil pour musique, appels et sport.",Jeunes; étudiants; travailleurs,"Test son + autonomie + appels",7000-18000,4000-10000,3000-8000,5,"Vidéo déballage + test micro + autonomie annoncée",À valider fournisseur
4,Électronique,Power bank 20000 mAh,"Batterie externe pour garder le téléphone chargé toute la journée.",Étudiants; livreurs; voyageurs; commerçants,"Téléphone chargé malgré longue journée",12000-25000,8000-16000,4000-9000,3,"Capacité réelle approximative + connectiques + charge testée",À valider fournisseur
5,Maison,Mini ventilateur rechargeable,"Petit ventilateur rechargeable pour chambre, bureau ou boutique.",Étudiants; familles; boutiques,"Petit mais puissant contre la chaleur",8000-18000,5000-11000,3000-7000,3,"Vidéo vitesse + autonomie + bruit",À valider fournisseur
6,Maison,Lampe LED rechargeable/solaire,"Lampe pratique pour éclairage maison, boutique ou études.",Familles; élèves; boutiquiers,"Éclairage sans courant",5000-15000,3000-9000,2000-6000,5,"Vidéo luminosité + durée + charge",À valider fournisseur
7,Auto & Moto,Support téléphone moto/voiture,"Support pour utiliser le GPS sans tenir le téléphone.",Conducteurs moto; taxis; livreurs,"GPS visible et mains libres",4000-9000,2000-5000,2000-4000,10,"Tester fixation + compatibilité tailles téléphone",À valider fournisseur
8,Beauté & Santé,Tondeuse rechargeable,"Tondeuse sans fil pour cheveux/barbe, usage maison ou barber.",Hommes; barbiers débutants,"Coupe propre sans fil",8000-20000,5000-13000,3000-7000,3,"Vidéo coupe/test bruit + accessoires",À valider fournisseur
9,Maison,Diffuseur d’arôme effet flamme,"Diffuseur décoratif pour chambre, salon ou cadeau.",Jeunes; couples; cadeaux,"Ambiance chambre/salon en vidéo",10000-20000,6000-13000,4000-7000,3,"Vidéo effet flamme + fonctionnement + volume",À valider fournisseur
10,Cuisine,Mini mixeur portable rechargeable,"Mixeur compact pour jus/smoothies rapides.",Étudiants; sportifs; familles,"Jus prêt en 30 secondes",8000-18000,5000-11000,3000-7000,3,"Vidéo mixage réel + nettoyage + charge",À valider fournisseur
11,Mode,Sac banane / sacoche antivol,"Sac pratique pour téléphone, argent, clés et documents.",Étudiants; travailleurs; voyageurs,"Tout ranger sans risque",5000-15000,3000-9000,2000-6000,5,"Photos portées + qualité fermeture/tissu",À valider fournisseur
12,Beauté,Parfum petit format / musc,"Parfum compact abordable pour usage quotidien ou cadeau.",Jeunes; travailleurs; cadeaux,"3 senteurs qui sentent cher",2500-8000,1000-4000,1500-4000,10,"Tester senteur + tenue + emballage",À valider fournisseur
13,Beauté,Soutien-gorge confort sans armature,"Article confort quotidien, discret sous vêtements.",Femmes adultes,"Confort sans armature pour la journée",10000-16000,6000-10000,4000-6000,5,"Tailles réelles + photos fournisseur propres + politique échange",À valider fournisseur
14,Beauté,Gaine/body shapewear,"Sous-vêtement sculptant pour tenues et événements.",Femmes adultes,"Avant/après tenue mieux ajustée",10000-20000,6000-13000,4000-7000,5,"Tailles + guide mesure + échanges",À valider fournisseur
15,Produits locaux,Beurre de karité conditionné,"Produit local utile pour peau/cheveux sans promesse médicale.",Femmes; familles; diaspora,"Produit local bien présenté",2500-6000,1000-3000,1500-3000,10,"Fournisseur fiable + étiquette + hygiène",À valider fournisseur
16,Auto & Moto,Kit nettoyage moto/voiture,"Microfibres + spray/nettoyant pour entretien simple.",Motards; propriétaires voiture,"Moto/voiture propre en 5 minutes",5000-12000,3000-7000,2000-5000,5,"Vidéo nettoyage réel + composition claire",À valider fournisseur
17,Auto & Moto,Mini compresseur pneus portable,"Gonfleur portable pour moto/voiture/vélo.",Conducteurs; livreurs,"Regonfler sans chercher station",15000-30000,10000-20000,5000-10000,2,"Tester pression + embouts + charge",À valider fournisseur
18,Bébé & Enfants,Pack couches bébé,"Produit récurrent si prix compétitif et livraison fiable.",Parents,"Pack économique livré à domicile",4000-12000,Selon marque,marge 15-30%,10,"Marque + taille + date/qualité + marge livraison",À valider fournisseur
19,Alimentation,Pack riz/huile/sucre,"Produits essentiels, utile pour commandes familles/bureaux.",Familles; bureaux; diaspora,"Pack courses livré à la famille",10000-40000,Selon pack,marge faible mais volume,5,"Poids exact + disponibilité + coût livraison",À valider fournisseur
20,Maison,Gourde/thermos isotherme,"Produit utile école, bureau, sport et cadeau.",Étudiants; travailleurs; sportifs,"Garder eau fraîche/chaude",3000-9000,1500-5000,1500-4000,10,"Photo réelle + test fermeture + capacité",À valider fournisseur
